Tha_Carter_II|tha_carter_ii
The_Witman_Boys|the_witman_boys
Prince_Aymeric_of_Belgium|prince_aymeric_of_belgium
Bank_of_America|bank_of_america
Rosmah_Mansor|rosmah_mansor
NASCAR_2001|nascar_2001
Friedrich_Kühne|friedrich_kühne
Adolf_Eugen_Fick|adolf_eugen_fick
Pruitt_Taylor_Vince|pruitt_taylor_vince
Don_Messick|don_messick
The_Conversation_(Tim_Finn_album)|the_conversation_(tim_finn_album)
Birmingham,_Michigan|birmingham,_michigan
Pyaar_Mein_Twist|pyaar_mein_twist
Walking,_Walking|walking,_walking
It_Happened_at_Lakewood_Manor|it_happened_at_lakewood_manor
National_Taiwan_University|national_taiwan_university
Zen_Studios|zen_studios
Reinhard_Kolldehoff|reinhard_kolldehoff
Bain_el_Atlal|bain_el_atlal
Max_Matsuura|max_matsuura
Cracked_Nuts|cracked_nuts
Corey_Stoll|corey_stoll
Jozef_Čurgaly|jozef_Čurgaly
Daoguang_Emperor|daoguang_emperor
Skarżysko_County|skarżysko_county
Howard_H._Aiken|howard_h._aiken
Headlights_in_the_Fog|headlights_in_the_fog
The_Happy_Life|the_happy_life
Technion_–_Israel_Institute_of_Technology|technion_–_israel_institute_of_technology
Let's_Try_Again|let's_try_again
Saldes|saldes
Levy_Mwanawasa|levy_mwanawasa
J._Hans_D._Jensen|j._hans_d._jensen
Made_in_Heaven_(1987_film)|made_in_heaven_(1987_film)
Addams_Family_Reunion|addams_family_reunion
Frederick_Baldwin_Adams|frederick_baldwin_adams
Election_(1999_film)|election_(1999_film)
Socialist_Union_of_Popular_Forces|socialist_union_of_popular_forces
Malpractice_(Redman_album)|malpractice_(redman_album)
Ari_Meyers|ari_meyers
The_Alternate|the_alternate
Elisabeth_of_Nuremberg|elisabeth_of_nuremberg
The_Three_Caballeros|the_three_caballeros
Porza|porza
Gerald_Holton|gerald_holton
Celebrity_(album)|celebrity_(album)
Sing_for_the_Moment|sing_for_the_moment
Navy_SEALs_(film)|navy_seals_(film)
Chicago_(Graham_Nash_song)|chicago_(graham_nash_song)
George,_Margrave_of_Brandenburg-Ansbach|george,_margrave_of_brandenburg-ansbach
Tina_Knowles|tina_knowles
Woman_Is_the_Nigger_of_the_World|woman_is_the_nigger_of_the_world
The_Patchwork_Girl_of_Oz_(1914_film)|the_patchwork_girl_of_oz_(1914_film)
Freeport,_Illinois|freeport,_illinois
Princess_Benedikte_of_Denmark|princess_benedikte_of_denmark
Mahatma_Gandhi|mahatma_gandhi
Alexis_of_Russia|alexis_of_russia
A_Day_Will_Come|a_day_will_come
Alfredo_Rizzo|alfredo_rizzo
I_Don't_Wanna_Stop|i_don't_wanna_stop
Tomás_Jocelyn-Holt|tomás_jocelyn-holt
Monty_Woolley|monty_woolley
Mandan,_North_Dakota|mandan,_north_dakota
Grant_County,_Nebraska|grant_county,_nebraska
Marianne_Koch|marianne_koch
Action_for_Slander|action_for_slander
Twin_Peaks:_Fire_Walk_with_Me|twin_peaks:_fire_walk_with_me
Prateik_Babbar|prateik_babbar
Günther_von_Reibnitz|günther_von_reibnitz
Dolores_del_Río|dolores_del_río
Bark_at_the_Moon_(song)|bark_at_the_moon_(song)
Mujhe_Jeene_Do_(1999_film)|mujhe_jeene_do_(1999_film)
Ernest_Dickerson|ernest_dickerson
Yamanashi_Prefecture|yamanashi_prefecture
Frederick_III_of_Denmark|frederick_iii_of_denmark
Artisan_Entertainment|artisan_entertainment
Franz_Schubert_(film)|franz_schubert_(film)
Stromboli_(film)|stromboli_(film)
Rashidun_Caliphate|rashidun_caliphate
Park_Min-gyu|park_min-gyu
Kikujiro|kikujiro
C._E._Byrd_High_School|c._e._byrd_high_school
Hymns_from_the_Heart|hymns_from_the_heart
Paramount_Pictures|paramount_pictures
Karel_Černý_(art_director)|karel_Černý_(art_director)
Ljubomir_Kaljević|ljubomir_kaljević
Help,_My_Bride_Steals|help,_my_bride_steals
Starkville,_Mississippi|starkville,_mississippi
Ava_Adore|ava_adore
Guy_Hamilton|guy_hamilton
Jamey_Johnson|jamey_johnson
Ernest_Louis,_Landgrave_of_Hesse-Darmstadt|ernest_louis,_landgrave_of_hesse-darmstadt
Devon_Gearhart|devon_gearhart
Incunabula_(album)|incunabula_(album)
Hungry_Hill_(film)|hungry_hill_(film)
Mark_Rendall|mark_rendall
Dragør_Municipality|dragør_municipality
Toyota_Tercel|toyota_tercel
Ernest_Nathan_Morial|ernest_nathan_morial
Hannibal_Muammar_Gaddafi|hannibal_muammar_gaddafi
Mahmoud_el-Meliguy|mahmoud_el-meliguy
Wayne_Brady|wayne_brady
Frederic_Raphael|frederic_raphael
Kliment_Boyadzhiev|kliment_boyadzhiev
Transylvania_(film)|transylvania_(film)
Greenhouse_(Leo_Kottke_album)|greenhouse_(leo_kottke_album)
Fiat_509|fiat_509
Antonio_Amurri|antonio_amurri
Antonia_Ivanova|antonia_ivanova
Samm_Levine|samm_levine
Harvey_Gates|harvey_gates
Calling_Dr._Love|calling_dr._love
Brother_John_(film)|brother_john_(film)
Rent-a-Kid|rent-a-kid
The_Vulture_(1982_film)|the_vulture_(1982_film)
Lady_Eliza_Spencer|lady_eliza_spencer
Alfa_Romeo_Giulietta_(750/101)|alfa_romeo_giulietta_(750/101)
Coming_of_Age_(1988_TV_series)|coming_of_age_(1988_tv_series)
Jacobus_Henricus_van_'t_Hoff|jacobus_henricus_van_'t_hoff
Almost_Friends|almost_friends
All_Shook_Up|all_shook_up
Blown_Away_(song)|blown_away_(song)
UFO_(TV_series)|ufo_(tv_series)
Grayson_Hall|grayson_hall
Chernivtsi_University|chernivtsi_university
Treasure_Island_(1920_film)|treasure_island_(1920_film)
Třeboň|třeboň
It_Was_Always_So_Nice_With_You|it_was_always_so_nice_with_you
Body_Love|body_love
The_Corrs|the_corrs
Roger_Aaron_Brown|roger_aaron_brown
Guilty_(Awake)|guilty_(awake)
Black_Rain_(Ozzy_Osbourne_album)|black_rain_(ozzy_osbourne_album)
Night_of_Violence|night_of_violence
Saul_Swimmer|saul_swimmer
A_Perfect_Sky|a_perfect_sky
Frank_C._Partridge|frank_c._partridge
Beatrice_of_Bohemia|beatrice_of_bohemia
Always_on_the_Run|always_on_the_run
The_Adventures_of_the_American_Rabbit|the_adventures_of_the_american_rabbit
Archduchess_Maria_Clementina_of_Austria|archduchess_maria_clementina_of_austria
Coffee_County,_Alabama|coffee_county,_alabama
John_Dewey|john_dewey
The_Story_of_Three_Loves|the_story_of_three_loves
Defiant_(Star_Trek:_Deep_Space_Nine)|defiant_(star_trek:_deep_space_nine)
As_Above,_So_Below_(film)|as_above,_so_below_(film)
Roberto_Rossellini|roberto_rossellini
Bivio|bivio
Elwood_Ullman|elwood_ullman
Bye_Bye_Love_(The_Cars_song)|bye_bye_love_(the_cars_song)
Zdenko_Miletić|zdenko_miletić
Lawrence_Sher|lawrence_sher
Williamson_County,_Tennessee|williamson_county,_tennessee
Finding_Beauty_in_Negative_Spaces|finding_beauty_in_negative_spaces
Ringworld|ringworld
Regine_Velasquez|regine_velasquez
Isuzu_117_Coupé|isuzu_117_coupé
Alcino_J._Silva|alcino_j._silva
This_Is_Our_Music_(Ornette_Coleman_album)|this_is_our_music_(ornette_coleman_album)
The_Innkeeper|the_innkeeper
Herman_P._Goebel|herman_p._goebel
Kingdom_Hearts:_Chain_of_Memories|kingdom_hearts:_chain_of_memories
Just_Married|just_married
Louis_Dreyfus_Group|louis_dreyfus_group
Mortal_Kombat:_Deception|mortal_kombat:_deception
Jagodina_City_Stadium|jagodina_city_stadium
Tak:_The_Great_Juju_Challenge|tak:_the_great_juju_challenge
The_Conversation|the_conversation
Tenchi_the_Movie_2:_The_Daughter_of_Darkness|tenchi_the_movie_2:_the_daughter_of_darkness
Ride_'Em_Cowboy|ride_'em_cowboy
Ear-Resistible|ear-resistible
Oskar_Potiorek|oskar_potiorek
Irma_Gramatica|irma_gramatica
Jacqueline_Fernandez|jacqueline_fernandez
Shehzad_Sheikh|shehzad_sheikh
Ivan_Šubašić|ivan_Šubašić
1983..._(A_Merman_I_Should_Turn_to_Be)|1983..._(a_merman_i_should_turn_to_be)
The_Bohemian_Dancer_(1926_film)|the_bohemian_dancer_(1926_film)
The_Family_(1987_film)|the_family_(1987_film)
Dance_Dance_Revolution_Freedom|dance_dance_revolution_freedom
Lomas_de_Zamora|lomas_de_zamora
À_la_Belle_de_Mai|À_la_belle_de_mai
Simon_Muzenda|simon_muzenda
Daniel_Ducarme|daniel_ducarme
Una_Kang_Naging_Akin|una_kang_naging_akin
A._Maceo_Walker|a._maceo_walker
Stefano_Mainetti|stefano_mainetti
Port_Louis|port_louis
Roy_O._Disney|roy_o._disney
Let_It_Be|let_it_be
Mr._Tambourine_Man|mr._tambourine_man
The_Social_Network|the_social_network
Temptations_(song)|temptations_(song)
Wii_Sports|wii_sports
Keratsa_of_Bulgaria|keratsa_of_bulgaria
Remember_My_Name|remember_my_name
Tiger_Woods_PGA_Tour_08|tiger_woods_pga_tour_08
You_Don't_Even_Know_Who_I_Am|you_don't_even_know_who_i_am
The_Black_Tie_Affair|the_black_tie_affair
Donald_S._Russell|donald_s._russell
Serbia_and_Montenegro|serbia_and_montenegro
David_Belle|david_belle
Marilyn_Monroe_(Pharrell_Williams_song)|marilyn_monroe_(pharrell_williams_song)
Malaysian_language|malaysian_language
Sjung|sjung
Ann_Ronell|ann_ronell
Forgotten_Foundation|forgotten_foundation
TVC_15|tvc_15
Marcia_o_Crepa|marcia_o_crepa
Mildred_Dunnock|mildred_dunnock
Uninvited_(song)|uninvited_(song)
Third_Person_(film)|third_person_(film)
Eugene_S._Pulliam|eugene_s._pulliam
Chomutov|chomutov
George_W._Jones|george_w._jones
Raoul_and_the_Kings_of_Spain|raoul_and_the_kings_of_spain
The_Cure|the_cure
Memories_Off:_Yubikiri_no_Kioku|memories_off:_yubikiri_no_kioku
Luciano_Pavarotti|luciano_pavarotti
Coraline_(video_game)|coraline_(video_game)
José_Acasuso|josé_acasuso
David_Archuleta_(album)|david_archuleta_(album)
Something_to_Remember|something_to_remember
Journal_Kyaw_Ma_Ma_Lay|journal_kyaw_ma_ma_lay
Elias,_Duke_of_Parma|elias,_duke_of_parma
Honolulu_(film)|honolulu_(film)
Suppose_They_Gave_a_War_and_Nobody_Came|suppose_they_gave_a_war_and_nobody_came
Last_Love_(1947_film)|last_love_(1947_film)
Those_Were_the_Days_(Lady_Sovereign_song)|those_were_the_days_(lady_sovereign_song)
Senseless|senseless
Glee:_The_Music,_Volume_3_Showstoppers|glee:_the_music,_volume_3_showstoppers
Cowboys_and_Angels_(George_Michael_song)|cowboys_and_angels_(george_michael_song)
The_Snake_Pit|the_snake_pit
A_Child_Is_Waiting|a_child_is_waiting
Little_Old_New_York|little_old_new_york
I_Am_Shelby_Lynne|i_am_shelby_lynne
Chicago_Med|chicago_med
Arpino|arpino
John_of_Görlitz|john_of_görlitz
Kelly_Osbourne|kelly_osbourne
Wolfgang_Lutz|wolfgang_lutz
My_Own_Private_Idaho|my_own_private_idaho
John_Ross_Bowie|john_ross_bowie
James_Hambro|james_hambro
Charleroi|charleroi
David_Parks_(politician)|david_parks_(politician)
The_Town_That_Dreaded_Sundown_(2014_film)|the_town_that_dreaded_sundown_(2014_film)
Laibach_(band)|laibach_(band)
Musiq_Soulchild|musiq_soulchild
Aribert_Heim|aribert_heim
Antananarivo|antananarivo
Sunday_Bloody_Sunday_(film)|sunday_bloody_sunday_(film)
The_Virginian_(1914_film)|the_virginian_(1914_film)
The_Facts_of_Life_(TV_series)|the_facts_of_life_(tv_series)
Mark_Medoff|mark_medoff
200_Motels_(soundtrack)|200_motels_(soundtrack)
Kiss_Me_Good-Bye|kiss_me_good-bye
Benton_County,_Arkansas|benton_county,_arkansas
Barry_Nelson|barry_nelson
And_the_Music_Speaks|and_the_music_speaks
Angus_T._Jones|angus_t._jones
Finding_Amanda|finding_amanda
Mustapha_Hussein|mustapha_hussein
Home_(Angela_Aki_song)|home_(angela_aki_song)
Adolf_von_Baeyer|adolf_von_baeyer
Luciano_Martino|luciano_martino
Shangó_(Santana_album)|shangó_(santana_album)
The_Banner_Saga|the_banner_saga
Nadi_International_Airport|nadi_international_airport
Steel_Pulse|steel_pulse
Democrats_of_the_Left|democrats_of_the_left
Dungeon_Keeper|dungeon_keeper
All_the_World's_a_Stage_(album)|all_the_world's_a_stage_(album)
All_Shook_Down|all_shook_down
M2_(game_developer)|m2_(game_developer)
The_Muse_(1999_film)|the_muse_(1999_film)
If_Tomorrow_Never_Comes|if_tomorrow_never_comes
Changes_(The_Dresden_Files)|changes_(the_dresden_files)
Harry_Myers|harry_myers
Duma_(2005_film)|duma_(2005_film)
Unholy_Desire|unholy_desire
Ljubljana–Zagreb–Beograd|ljubljana–zagreb–beograd
The_Voice_of_the_Violin|the_voice_of_the_violin
Find_the_River|find_the_river
Driver:_Parallel_Lines|driver:_parallel_lines
Hitman:_Absolution|hitman:_absolution
The_Very_Best_of_Elton_John|the_very_best_of_elton_john
Constantine_III_of_Scotland|constantine_iii_of_scotland
America's_Army|america's_army
The_Last_Fight_(Velvet_Revolver_song)|the_last_fight_(velvet_revolver_song)
Windsor,_Connecticut|windsor,_connecticut
Birds,_Beasts,_and_Relatives|birds,_beasts,_and_relatives
Just_Stop|just_stop
FK_Austria_Wien|fk_austria_wien
P._Ramlee|p._ramlee
György_Andrássy|györgy_andrássy
Lord_William_Bentinck|lord_william_bentinck
Frederick_I,_Duke_of_Württemberg|frederick_i,_duke_of_württemberg
Ain't_It_Fun_(The_Dead_Boys_song)|ain't_it_fun_(the_dead_boys_song)
Carmina_Burana_(album)|carmina_burana_(album)
Sliver_(song)|sliver_(song)
Sound_Loaded|sound_loaded
Moussa_Traoré|moussa_traoré
Guns_of_the_Timberland|guns_of_the_timberland
Masovian_Voivodeship|masovian_voivodeship
Kid_Rock|kid_rock
Official_Denial|official_denial
Uu_Kodathara%3F_Ulikki_Padathara%3F|uu_kodathara%3f_ulikki_padathara%3f
My_Moon_My_Man|my_moon_my_man
The_Claw_of_the_Conciliator|the_claw_of_the_conciliator
George_Cole_(actor)|george_cole_(actor)
Taras_Shevchenko_National_University_of_Kyiv|taras_shevchenko_national_university_of_kyiv
Maddalena_Visconti|maddalena_visconti
Saturday_Nights_&_Sunday_Mornings|saturday_nights_&_sunday_mornings
The_Original_Soul_of_Michael_Jackson|the_original_soul_of_michael_jackson
Golden_State_Warriors|golden_state_warriors
Whistle_Stop_(film)|whistle_stop_(film)
Force_(Superfly_album)|force_(superfly_album)
Tokyo_Tapes_(album)|tokyo_tapes_(album)
Victor_Willis|victor_willis
Ib_Glindemann|ib_glindemann
Patrick_Duncan_(Governor-General)|patrick_duncan_(governor-general)
The_Warrens_of_Virginia_(1915_film)|the_warrens_of_virginia_(1915_film)
Thalun|thalun
From_the_Earth_to_the_Moon_(film)|from_the_earth_to_the_moon_(film)
Outbreak_(film)|outbreak_(film)
Michael_R._Burns|michael_r._burns
Oonche_Log|oonche_log
Halloween:_The_Curse_of_Michael_Myers|halloween:_the_curse_of_michael_myers
Animal_Crackers_(1930_film)|animal_crackers_(1930_film)
(Miss)understood|(miss)understood
This_Night_(Billy_Joel_song)|this_night_(billy_joel_song)
Peter_DeLuise|peter_deluise
Robert_Baratheon|robert_baratheon
Jan_Kotěra|jan_kotěra
Maria_of_Saxony,_Duchess_of_Pomerania|maria_of_saxony,_duchess_of_pomerania
Getting_Even_with_Dad|getting_even_with_dad
Portugalete_Canton|portugalete_canton
Samuel_Adams|samuel_adams
Slavkov_u_Brna|slavkov_u_brna
Brigham_Young_University|brigham_young_university
Szindbád|szindbád
Window_Shopper|window_shopper
Henry_Cabot_Lodge_Jr.|henry_cabot_lodge_jr.
Gaza–Israel_conflict|gaza–israel_conflict
Zdeněk_Lukáš|zdeněk_lukáš
The_Impatient_Years|the_impatient_years
Carl_Lange_(physician)|carl_lange_(physician)
Grateful_Dead|grateful_dead
Youth_Runs_Wild|youth_runs_wild
The_Tornado|the_tornado
Thank_You_(Duran_Duran_album)|thank_you_(duran_duran_album)
Stephen_Fry|stephen_fry
William_G._Powell|william_g._powell
Vanishing_Point_(1971_film)|vanishing_point_(1971_film)
Laxenburg|laxenburg
Hamid_Mir|hamid_mir
Stand_Up_(EP)|stand_up_(ep)
Whatever_U_Want|whatever_u_want
RWDM_Brussels_FC|rwdm_brussels_fc
J._M._S._Careless|j._m._s._careless
Kabut_Sutra_Ungu|kabut_sutra_ungu
Satisfaction_(film)|satisfaction_(film)
Broken_City_(film)|broken_city_(film)
Joe_Zawinul|joe_zawinul
Remember_Me_(T.I._song)|remember_me_(t.i._song)
Dil_To_Pagal_Hai|dil_to_pagal_hai
Niccolò_Galli_(footballer_born_1983)|niccolò_galli_(footballer_born_1983)
The_Earthshaker|the_earthshaker
Blood_Brothers_(EP)|blood_brothers_(ep)
Holly_Dale|holly_dale
Molly_Hagan|molly_hagan
And_Then_There_Were_None_(1945_film)|and_then_there_were_none_(1945_film)
Raffles_(1939_film)|raffles_(1939_film)
Mirjana_Karanović|mirjana_karanović
Sing_Sing_(film)|sing_sing_(film)
Fumiko_Orikasa|fumiko_orikasa
Andy_Richter|andy_richter
American_Beauty_(1999_film)|american_beauty_(1999_film)
Kill_Switch_(film)|kill_switch_(film)
Johanna_von_Puttkamer|johanna_von_puttkamer
White_Voices|white_voices
Nataša_Ninković|nataša_ninković
Arno_Paulsen|arno_paulsen
The_Sopranos|the_sopranos
Got_Your_Back|got_your_back
Ashe_County,_North_Carolina|ashe_county,_north_carolina
Bassel_al-Assad|bassel_al-assad
Mandalay_Region|mandalay_region
Birkerød|birkerød
Jake_Rademacher|jake_rademacher
Jack_White|jack_white
Phil_M._Donnelly|phil_m._donnelly
Rabbit_Hole_(film)|rabbit_hole_(film)
Mandy_Moore_(album)|mandy_moore_(album)
Holiday_Songs_and_Lullabies|holiday_songs_and_lullabies
Joseph_Aziz|joseph_aziz
The_Story_of_a_Poor_Young_Man_(1920_film)|the_story_of_a_poor_young_man_(1920_film)
Jugnu|jugnu
Leopold_IV,_Duke_of_Austria|leopold_iv,_duke_of_austria
Niederhelfenschwil|niederhelfenschwil
Fort_Yawuh|fort_yawuh
Starvin'_Marvin_(South_Park)|starvin'_marvin_(south_park)
Taguig|taguig
Big_Bang_2_(album)|big_bang_2_(album)
Humpin'_Around|humpin'_around
Two_Hearts_Beat_as_One_(film)|two_hearts_beat_as_one_(film)
Meyer_from_Berlin|meyer_from_berlin
Bric_à_brac_(Priscilla_Betti_album)|bric_à_brac_(priscilla_betti_album)
Introducing_The_Style_Council|introducing_the_style_council
Buz_Kohan|buz_kohan
Sana'a|sana'a
AgustaWestland|agustawestland
Laos|laos
Andy_Devine|andy_devine
Dillinger_(1945_film)|dillinger_(1945_film)
The_River_Line|the_river_line
The_Sea_Tiger|the_sea_tiger
Madeline_Kahn|madeline_kahn
Crazy_Machines|crazy_machines
Kimi_Tsunagi_Five_M|kimi_tsunagi_five_m
The_Clan_of_the_Cave_Bear_(film)|the_clan_of_the_cave_bear_(film)
Return_of_the_Champions|return_of_the_champions
The_Band|the_band
Beverly_Bayne|beverly_bayne
Koko_ga_Rhodes_da,_Koko_de_Tobe!|koko_ga_rhodes_da,_koko_de_tobe!
Ken_Clark_(actor)|ken_clark_(actor)
Uncle_Kracker|uncle_kracker
Whatever_the_Case_May_Be|whatever_the_case_may_be
Snow_Day_(film)|snow_day_(film)
Invasion_America|invasion_america
Poitiers|poitiers
Take_a_Deep_Breath_(film)|take_a_deep_breath_(film)
James_Fox|james_fox
Ali_of_Hejaz|ali_of_hejaz
Michigan_Department_of_Transportation|michigan_department_of_transportation
Roll_Over_Beethoven|roll_over_beethoven
The_Sound_of_the_Crowd|the_sound_of_the_crowd
Breaking_the_Girl|breaking_the_girl
Heart_Dorobō|heart_dorobō
Towards_Evening|towards_evening
Pretty_Hurts_(song)|pretty_hurts_(song)
Get_It_Shawty|get_it_shawty
Princess_Theresa_of_Bavaria_(b._1931)|princess_theresa_of_bavaria_(b._1931)
Maria_Garland|maria_garland
Jumadi_Abdi|jumadi_abdi
David_Hartman_(TV_personality)|david_hartman_(tv_personality)
Hard_as_a_Rock|hard_as_a_rock
The_Game_(1997_film)|the_game_(1997_film)
Angels_Over_Broadway|angels_over_broadway
Ottenbach,_Switzerland|ottenbach,_switzerland
Magda_Sonja|magda_sonja
Louvain_School_of_Management|louvain_school_of_management
Rock_of_Ages_(The_Band_album)|rock_of_ages_(the_band_album)
Fritz_Von_Erich|fritz_von_erich
Hermann_Oberth|hermann_oberth
Charles_G._Hall|charles_g._hall
Stanley_Cavell|stanley_cavell
The_Descent|the_descent
Maailman_toisella_puolen|maailman_toisella_puolen
Mass_Effect_2|mass_effect_2
Robert_Ross_(British_Army_officer)|robert_ross_(british_army_officer)
Saint_Laurent_(film)|saint_laurent_(film)
Sant_Joan_de_Vilatorrada|sant_joan_de_vilatorrada
San_Felipe,_Chile|san_felipe,_chile
Konecchlumí|konecchlumí
The_Damned_Thing|the_damned_thing
Cirio_H._Santiago|cirio_h._santiago
Section.80|section.80
Carl_W._Bauer|carl_w._bauer
Jane_Kenyon|jane_kenyon
Gilead_(novel)|gilead_(novel)
The_Game_of_Their_Lives_(2005_film)|the_game_of_their_lives_(2005_film)
Víctor_Rodríguez_Andrade|víctor_rodríguez_andrade
Emperor_of_the_Sea|emperor_of_the_sea
Kokowääh_2|kokowääh_2
Leonida_Tonelli|leonida_tonelli
Spiceberg_Slim|spiceberg_slim
Frank_Butler_(musician)|frank_butler_(musician)
Oxygène|oxygène
D.O.C._(Lost)|d.o.c._(lost)
4Minute|4minute
Enduring_Love_(film)|enduring_love_(film)
From_the_Depths_of_Darkness|from_the_depths_of_darkness
Funny_Little_World|funny_little_world
Contact_(1997_American_film)|contact_(1997_american_film)
Stewie_Griffin|stewie_griffin
Eat_to_the_Beat|eat_to_the_beat
Malazan_Book_of_the_Fallen|malazan_book_of_the_fallen
If_You're_Out_There|if_you're_out_there
Michael_McCaul|michael_mccaul
Daviess_County,_Kentucky|daviess_county,_kentucky
Princess_Henriette_of_Belgium|princess_henriette_of_belgium
Sir_Thomas_Troubridge,_3rd_Baronet|sir_thomas_troubridge,_3rd_baronet
John_W._Davis|john_w._davis
Boise_City,_Oklahoma|boise_city,_oklahoma
William_Slim,_1st_Viscount_Slim|william_slim,_1st_viscount_slim
Savia_(album)|savia_(album)
Women_Don't_Want_To|women_don't_want_to
A_Difficult_Life|a_difficult_life
Michael_Wilson_(Canadian_politician)|michael_wilson_(canadian_politician)
Youth_in_Revolt_(film)|youth_in_revolt_(film)
Innerspace|innerspace
Magnus_Hirschfeld|magnus_hirschfeld
Benaam_(1974_film)|benaam_(1974_film)
Cold_Turkey|cold_turkey
Hans_Modrow|hans_modrow
Night_of_Fire_(Dream_song)|night_of_fire_(dream_song)
Aaj_Ka_M.L.A._Ram_Avtar|aaj_ka_m.l.a._ram_avtar
Jim_Green_(councilman)|jim_green_(councilman)
Ashes_Are_Burning|ashes_are_burning
Jessica_Szohr|jessica_szohr
Hidden_Hills|hidden_hills
Someone_Special_(film)|someone_special_(film)
Monty_Python's_The_Meaning_of_Life|monty_python's_the_meaning_of_life
Now_and_Forever_(1934_film)|now_and_forever_(1934_film)
Fool's_Mate_(1956_film)|fool's_mate_(1956_film)
Cafe_Moscow|cafe_moscow
GOG.com|gog.com
Kyiv_National_University_of_Trade_and_Economics|kyiv_national_university_of_trade_and_economics
Wilfred_Owen|wilfred_owen
The_20/20_Experience|the_20/20_experience
The_Wilby_Conspiracy|the_wilby_conspiracy
Dino:_Italian_Love_Songs|dino:_italian_love_songs
Daluyong|daluyong
Moldavia|moldavia
Alliance_for_Democracy_(Nigeria)|alliance_for_democracy_(nigeria)
William_Eggleston_in_the_Real_World|william_eggleston_in_the_real_world
Bernard_Forbes,_8th_Earl_of_Granard|bernard_forbes,_8th_earl_of_granard
Una_Merkel|una_merkel
You_Know_My_Name_(Look_Up_the_Number)|you_know_my_name_(look_up_the_number)
Sigismund,_Holy_Roman_Emperor|sigismund,_holy_roman_emperor
Marcello_Dell'Utri|marcello_dell'utri
Peter_Tolan|peter_tolan
Alberto_Calderón|alberto_calderón
Short_Night_of_Glass_Dolls|short_night_of_glass_dolls
Antoine_Ghanem|antoine_ghanem
The_Set_Up_(Parks_and_Recreation)|the_set_up_(parks_and_recreation)
Gone_Too_Soon|gone_too_soon
Amnesia:_A_Machine_for_Pigs|amnesia:_a_machine_for_pigs
Dick_Powell|dick_powell
For_Richer,_for_Poorer_(film)|for_richer,_for_poorer_(film)
Ratanji_Tata|ratanji_tata
Frankie_&_Alice|frankie_&_alice
Jewel_Song_/_Beside_You_(Boku_o_Yobu_Koe)|jewel_song_/_beside_you_(boku_o_yobu_koe)
David_Hennen_Morris|david_hennen_morris
Timeless:_The_Classics|timeless:_the_classics
Ainārs_Šlesers|ainārs_Šlesers
Kanshō/Mermaid|kanshō/mermaid
Executive_Decision|executive_decision
Luise_Rainer|luise_rainer
Pasha_Hristova|pasha_hristova
Olene_Walker|olene_walker
Pratap_Singh_Shah|pratap_singh_shah
No_One_Is_Innocent_(song)|no_one_is_innocent_(song)
Friedl_Czepa|friedl_czepa
The_Sad_Sack|the_sad_sack
You're_the_Man|you're_the_man
Anne_of_Cyprus|anne_of_cyprus
The_Man_with_the_Golden_Arm|the_man_with_the_golden_arm
Kurt_Neumann_(director)|kurt_neumann_(director)
Small_Soldiers|small_soldiers
Disney_Universe|disney_universe
Charles_James_Faulkner|charles_james_faulkner
Alessandro_Alessandroni|alessandro_alessandroni
MBK_Entertainment|mbk_entertainment
George_Smiley|george_smiley
Opava|opava
Wiseguy|wiseguy
Busan_IPark|busan_ipark
Born_2_B_Blue|born_2_b_blue
Lights_in_the_Dusk|lights_in_the_dusk
The_Woman_in_the_Advocate's_Gown|the_woman_in_the_advocate's_gown
Balls_of_Fury|balls_of_fury
Caught_Out_There|caught_out_there
We_Shall_Overcome:_The_Seeger_Sessions|we_shall_overcome:_the_seeger_sessions
Vijayakumar_(actor)|vijayakumar_(actor)
Markku_Peltola|markku_peltola
Julianne_Moore|julianne_moore
FIFA_Football_2004|fifa_football_2004
Envigado|envigado
Gavin_Gordon_(actor)|gavin_gordon_(actor)
Matt_Lanter|matt_lanter
Balla_Baby|balla_baby
The_Cape_Town_Affair|the_cape_town_affair
Balance_of_Power_(album)|balance_of_power_(album)
Princess_Elisabeth_of_Saxe-Altenburg_(1865–1927)|princess_elisabeth_of_saxe-altenburg_(1865–1927)
Empezar_Desde_Cero|empezar_desde_cero
A_New_Man|a_new_man
Restless_Farewell|restless_farewell
Truth_&_Consequences|truth_&_consequences
Day-In_Day-Out|day-in_day-out
Alice_Cooper_Goes_to_Hell|alice_cooper_goes_to_hell
Troubles_(novel)|troubles_(novel)
Tender_(song)|tender_(song)
Noah_Ringer|noah_ringer
Ghosts_'n'_Stuff|ghosts_'n'_stuff
Balázs_Schrancz|balázs_schrancz
Hanna_Holborn_Gray|hanna_holborn_gray
Batman_Forever|batman_forever
My_Spanish_Heart|my_spanish_heart
Spearman,_Texas|spearman,_texas
Rhythm_of_Love_(Kylie_Minogue_album)|rhythm_of_love_(kylie_minogue_album)
František_Straka|františek_straka
Always_in_the_Way|always_in_the_way
Gedde_Watanabe|gedde_watanabe
Milestones_(The_Rolling_Stones_album)|milestones_(the_rolling_stones_album)
Thomas_Arbuthnot|thomas_arbuthnot
The_Unforgiving|the_unforgiving
Ellie_Kemper|ellie_kemper
Shpëtim_Babaj|shpëtim_babaj
Ego_(Beyoncé_song)|ego_(beyoncé_song)
Ödön_Márffy|Ödön_márffy
Thomas_Vinterberg|thomas_vinterberg
Your_Filthy_Little_Mouth|your_filthy_little_mouth
Hogarth_Press|hogarth_press
Neosho,_Missouri|neosho,_missouri
MythTV|mythtv
Invaders_from_Mars_(1986_film)|invaders_from_mars_(1986_film)
Eggersriet|eggersriet
Don't_Hold_Your_Breath|don't_hold_your_breath
Mighty_Morphin_Power_Rangers|mighty_morphin_power_rangers
The_New_Adventures_of_Superman_(TV_series)|the_new_adventures_of_superman_(tv_series)
Rotten_Apple_(album)|rotten_apple_(album)
Shoot_Out_at_the_Fantasy_Factory|shoot_out_at_the_fantasy_factory
A_Love_Like_Yours_(Don't_Come_Knocking_Everyday)|a_love_like_yours_(don't_come_knocking_everyday)
Ghetto_D|ghetto_d
The_Untouchable|the_untouchable
Get_Down_(You're_the_One_for_Me)|get_down_(you're_the_one_for_me)
Maurissa_Tancharoen|maurissa_tancharoen
Barbara_Alyn_Woods|barbara_alyn_woods
Anne_St_Leger,_Baroness_de_Ros|anne_st_leger,_baroness_de_ros
Rodrigo_García_(director)|rodrigo_garcía_(director)
Dénia|dénia
Ys_(Joanna_Newsom_album)|ys_(joanna_newsom_album)
Greppen|greppen
Tsai_Ming-liang|tsai_ming-liang
George_Doherty|george_doherty
Smile_(2005_film)|smile_(2005_film)
Las_Palabras_de_Amor|las_palabras_de_amor
Lulach|lulach
Peter_Paige|peter_paige
Jasmine_Guy|jasmine_guy
Forever_Came_Today|forever_came_today
Arturo_Frondizi|arturo_frondizi
Diogo_de_Freitas_do_Amaral|diogo_de_freitas_do_amaral
King_Xuan_of_Zhou|king_xuan_of_zhou
The_Secret_Garden_(1993_film)|the_secret_garden_(1993_film)
A_Boy_Called_Hate|a_boy_called_hate
Club_Aurora|club_aurora
Three_on_a_Match|three_on_a_match
Brunswick_Pro_Bowling|brunswick_pro_bowling
Bukovina|bukovina
Guido_Schmidt|guido_schmidt
The_Ribos_Operation|the_ribos_operation
Sony_Pictures_Entertainment|sony_pictures_entertainment
William_Jefferson_Blythe,_Jr.|william_jefferson_blythe,_jr.
Interrupted_Melody|interrupted_melody
René_Fülöp-Miller|rené_fülöp-miller
Rabi_Kinagi|rabi_kinagi
¡Tré!|¡tré!
Nightrider_(song)|nightrider_(song)
Marquis_Xian_of_Jin|marquis_xian_of_jin
Don_Siegel|don_siegel
I'm_a_Believer|i'm_a_believer
Pilot_(Twin_Peaks)|pilot_(twin_peaks)
David_Frizzell|david_frizzell
Thomas_Hart_Benton_(politician)|thomas_hart_benton_(politician)
Alice_of_Champagne|alice_of_champagne
The_Wooing_of_Eve|the_wooing_of_eve
Kauf_dir_einen_bunten_Luftballon|kauf_dir_einen_bunten_luftballon
Purple_Night|purple_night
Come_Back_to_Me_(Janet_Jackson_song)|come_back_to_me_(janet_jackson_song)
Glücksburg|glücksburg
Pleasant_Dreams|pleasant_dreams
Strapping_Young_Lad|strapping_young_lad
The_Land_Before_Time_V:_The_Mysterious_Island|the_land_before_time_v:_the_mysterious_island
The_One_Hundredth|the_one_hundredth
Max_Schreck|max_schreck
Kārlis_Ulmanis|kārlis_ulmanis
Linda_Harrison_(actress)|linda_harrison_(actress)
Mission:_Impossible_(1988_TV_series)|mission:_impossible_(1988_tv_series)
Albert_Friedrich_Speer|albert_friedrich_speer
Joan_Tisch|joan_tisch
The_300_Spartans|the_300_spartans
Shire_River|shire_river
Bates_County,_Missouri|bates_county,_missouri
Battle_Stadium_D.O.N|battle_stadium_d.o.n
Pieces_of_Eight|pieces_of_eight
Archduchess_Maria_Carolina_of_Austria_(1740–1741)|archduchess_maria_carolina_of_austria_(1740–1741)
NUI_Galway|nui_galway
John_VI_of_Portugal|john_vi_of_portugal
People's_Democratic_Party_of_Afghanistan|people's_democratic_party_of_afghanistan
The_Dream_Girl_(film)|the_dream_girl_(film)
Phedon_Papamichael|phedon_papamichael
Lya_De_Putti|lya_de_putti
David_F._Houston|david_f._houston
Toyota_Corolla_(E70)|toyota_corolla_(e70)
Teenage_Mutant_Ninja_Turtles_II:_The_Secret_of_the_Ooze|teenage_mutant_ninja_turtles_ii:_the_secret_of_the_ooze
Hudson_Street_(TV_series)|hudson_street_(tv_series)
Django_Kill..._If_You_Live,_Shoot!|django_kill..._if_you_live,_shoot!
Icewind_Dale_II|icewind_dale_ii
Valkyria_Chronicles_III|valkyria_chronicles_iii
Michelle_Krusiec|michelle_krusiec
Dancing_on_the_Edge_(album)|dancing_on_the_edge_(album)
Elke_Sommer|elke_sommer
Hot_Stuff_(1979_film)|hot_stuff_(1979_film)
Ishaqzaade|ishaqzaade
Getting_to_the_Point|getting_to_the_point
Antoni_Martí|antoni_martí
The_Sentinel_(2006_film)|the_sentinel_(2006_film)
Grace_Paine_Terzian|grace_paine_terzian
Brian_Williams|brian_williams
Philippe_of_Belgium|philippe_of_belgium
Laurence_Fox|laurence_fox
Tatasi|tatasi
C._S._Lewis|c._s._lewis
Miloslav_Vlček|miloslav_vlček
I_Stand_Alone_(film)|i_stand_alone_(film)
Ângelo_de_Sousa|Ângelo_de_sousa
Israel_(Bee_Gees_song)|israel_(bee_gees_song)
Beth_Courtney|beth_courtney
Augusto_Ramírez_Ocampo|augusto_ramírez_ocampo
Berg,_Thurgau|berg,_thurgau
The_Moth_Diaries_(film)|the_moth_diaries_(film)
Alberto_Bevilacqua|alberto_bevilacqua
South_Carolina|south_carolina
Tha_Block_Is_Hot_(song)|tha_block_is_hot_(song)
Johnny_Fullam|johnny_fullam
Learn_to_Fly|learn_to_fly
Yuka_Tsujiyoko|yuka_tsujiyoko
Cornell_College|cornell_college
Maging_Sino_Ka_Man:_Ang_Pagbabalik|maging_sino_ka_man:_ang_pagbabalik
Dian_yang_Tak_Kunjung_Padam|dian_yang_tak_kunjung_padam
Beautiful_Boy_(Darling_Boy)|beautiful_boy_(darling_boy)
John_III_of_Sweden|john_iii_of_sweden
Sokka_irti|sokka_irti
Ayeyarwady_Region|ayeyarwady_region
Myat_Phaya|myat_phaya
Krishnarjuna|krishnarjuna
Reading_F.C.|reading_f.c.
Jukebox_(JLS_album)|jukebox_(jls_album)
Benjamin_Franklin|benjamin_franklin
Canadian,_Texas|canadian,_texas
Shauna_Robertson|shauna_robertson
Battle_of_Mogadishu_(1993)|battle_of_mogadishu_(1993)
Chris_Patten|chris_patten
Josh_Stewart|josh_stewart
The_Ghost_&_Mrs._Muir_(TV_series)|the_ghost_&_mrs._muir_(tv_series)
Nuclear_Dawn|nuclear_dawn
Mayu_Watanabe|mayu_watanabe
Ben_10:_Race_Against_Time|ben_10:_race_against_time
Raj_Chandra_Bose|raj_chandra_bose
Bjelovar|bjelovar
Behind_the_Sun_(Eric_Clapton_album)|behind_the_sun_(eric_clapton_album)
Criss-Cross_(album)|criss-cross_(album)
Gianni_Bulgari|gianni_bulgari
Ong-Bak:_Muay_Thai_Warrior|ong-bak:_muay_thai_warrior
Vatos|vatos
The_Door_in_the_Floor|the_door_in_the_floor
Racibórz|racibórz
Running_on_Empty_(1988_film)|running_on_empty_(1988_film)
Idaho|idaho
Juicy!|juicy!
Beautiful_Sky|beautiful_sky
...All_the_Marbles|...all_the_marbles
Bono|bono
Pretty_Baby_(1950_film)|pretty_baby_(1950_film)
Liberec|liberec
Love_Me_(Lena_Meyer-Landrut_song)|love_me_(lena_meyer-landrut_song)
América_de_Cali|américa_de_cali
Leopold_Schmetterer|leopold_schmetterer
Bermudo_III_of_León|bermudo_iii_of_león
Common_Ground_(1916_film)|common_ground_(1916_film)
Bulgarian_parliamentary_election,_2013|bulgarian_parliamentary_election,_2013
Jette|jette
Shuva_(film)|shuva_(film)
Arne_Weel|arne_weel
Farewell_Moscow|farewell_moscow
Dragon_Quest_VIII:_Journey_of_the_Cursed_King|dragon_quest_viii:_journey_of_the_cursed_king
Lucy_Kibaki|lucy_kibaki
Night_Dreamer|night_dreamer
Slaves_of_New_York|slaves_of_new_york
Standing_in_the_Light|standing_in_the_light
Ernest_Joy|ernest_joy
Pidol's_Wonderland|pidol's_wonderland
Anton_Crihan|anton_crihan
Casey_Siemaszko|casey_siemaszko
Anna_Leopoldovna|anna_leopoldovna
Wherever_You_Are_Tonight|wherever_you_are_tonight
It's_All_True_(film)|it's_all_true_(film)
Songs_from_the_Wood|songs_from_the_wood
Tears_of_the_Black_Tiger|tears_of_the_black_tiger
False_Shame|false_shame
No_Man's_Land_(John_Michael_Montgomery_song)|no_man's_land_(john_michael_montgomery_song)
Phony_Phonic|phony_phonic
Amharic|amharic
Great_Transport|great_transport
Nguyễn_Hữu_Thọ|nguyễn_hữu_thọ
Jacob_M._Howard|jacob_m._howard
Command_&_Conquer:_Generals|command_&_conquer:_generals
22_m2|22_m2
Human_Highway|human_highway
Ernest_Bai_Koroma|ernest_bai_koroma
Bengazi_(film)|bengazi_(film)
Beatriz_Merino|beatriz_merino
Inspiration_(1931_film)|inspiration_(1931_film)
Suzuki_Cultus|suzuki_cultus
Father_of_Four_in_the_City|father_of_four_in_the_city
World_Sinfonia|world_sinfonia
Ringe,_Denmark|ringe,_denmark
Ibu_Mertua-ku|ibu_mertua-ku
What_Lies_Beneath|what_lies_beneath
To_Me|to_me
Davis_Guggenheim|davis_guggenheim
Dalibor_Matanić|dalibor_matanić
Girl_6|girl_6
Ousseni_Zongo|ousseni_zongo
8½|8½
Johnny_Petersen|johnny_petersen
The_Collective,_Inc.|the_collective,_inc.
Benjamin_Muse|benjamin_muse
John_III,_Duke_of_Brittany|john_iii,_duke_of_brittany
Louie_Austen|louie_austen
Mr._Go_(film)|mr._go_(film)
Isamu_Tanonaka|isamu_tanonaka
Andrea_Morricone|andrea_morricone
The_Good_Soldier_(Homeland)|the_good_soldier_(homeland)
Collision_Course_(1989_film)|collision_course_(1989_film)
Robert_Woodward_Barnwell|robert_woodward_barnwell
Lone_Star_(1996_film)|lone_star_(1996_film)
The_Fairly_OddParents:_Breakin'_da_Rules|the_fairly_oddparents:_breakin'_da_rules
Someday_(M_People_song)|someday_(m_people_song)
Orla_Jørgensen|orla_jørgensen
Beauty_Pageant_(Parks_and_Recreation)|beauty_pageant_(parks_and_recreation)
Daniel_(song)|daniel_(song)
Steubenville,_Ohio|steubenville,_ohio
Fort_Hood|fort_hood
Ferdinand_Anton_Ernst_Porsche|ferdinand_anton_ernst_porsche
Krosno_Odrzańskie_County|krosno_odrzańskie_county
Luis_Vernet|luis_vernet
Mehmed_III|mehmed_iii
The_Case_of_Sergeant_Grischa_(film)|the_case_of_sergeant_grischa_(film)
Dhamma_Jagoda|dhamma_jagoda
Hootie_&_the_Blowfish_(album)|hootie_&_the_blowfish_(album)
V_V_Brown|v_v_brown
Corrientes_Province|corrientes_province
Tsukiatteru_no_ni_Kataomoi|tsukiatteru_no_ni_kataomoi
Gülbahar_Hatun|gülbahar_hatun
Kapan|kapan
Lucija_Šerbedžija|lucija_Šerbedžija
Carol_Black|carol_black
Vágar|vágar
Azwar_Anas|azwar_anas
Elena_Zareschi|elena_zareschi
Frederick_III,_German_Emperor|frederick_iii,_german_emperor
Most_Likely_You_Go_Your_Way_and_I'll_Go_Mine|most_likely_you_go_your_way_and_i'll_go_mine
Maebashi|maebashi
Shades_of_Cool|shades_of_cool
Edward_L._Leahy|edward_l._leahy
First_Love_(1977_film)|first_love_(1977_film)
Preservation_Act_2|preservation_act_2
Round_Midnight_(film)|round_midnight_(film)
Exposed_(1983_film)|exposed_(1983_film)
Ray_of_Light_(song)|ray_of_light_(song)
Teo_Macero|teo_macero
Solja_Rags|solja_rags
Judah_Folkman|judah_folkman
Powhatan_Ellis|powhatan_ellis
William_Lindsay_(Kentucky_politician)|william_lindsay_(kentucky_politician)
Željko_Komšić|Željko_komšić
Back_by_Thug_Demand|back_by_thug_demand
The_Raven_(Lou_Reed_album)|the_raven_(lou_reed_album)
Osmi_nervni_slom|osmi_nervni_slom
Binaural_(album)|binaural_(album)
Hangover_(Taio_Cruz_song)|hangover_(taio_cruz_song)
Castle_on_the_Hudson|castle_on_the_hudson
Volker_Schlöndorff|volker_schlöndorff
Michel_Pastor|michel_pastor
FK_Obilić_Stadium|fk_obilić_stadium
The_Red_Rider|the_red_rider
David_Jones_(director)|david_jones_(director)
Cecelia_Ahern|cecelia_ahern
California_Mail|california_mail
Attala_County,_Mississippi|attala_county,_mississippi
Grosse_Pointe,_Michigan|grosse_pointe,_michigan
Man_on_the_Rocks|man_on_the_rocks
Patricia_Tallman|patricia_tallman
Franka_Potente|franka_potente
The_Last_Unicorn_(film)|the_last_unicorn_(film)
The_Mickey_Mouse_Club|the_mickey_mouse_club
Ultimate_Spider-Man_(video_game)|ultimate_spider-man_(video_game)
Lee_Dong-gun|lee_dong-gun
Gotta_Go|gotta_go
Jeff_Porcaro|jeff_porcaro
Prince_Michael_of_Prussia|prince_michael_of_prussia
Stevča_Mihailović|stevča_mihailović
Majin_and_the_Forsaken_Kingdom|majin_and_the_forsaken_kingdom
Darius_Holland|darius_holland
Christine_Baranski|christine_baranski
Sarajevo_(1955_film)|sarajevo_(1955_film)
Francisco_G._Cigarroa|francisco_g._cigarroa
Ayat-Ayat_Cinta|ayat-ayat_cinta
Stolen_Holiday|stolen_holiday
Cuba_Gooding,_Jr.|cuba_gooding,_jr.
Wasfi_al-Tal|wasfi_al-tal
Pierre_Harmel|pierre_harmel
Emma_Walton_Hamilton|emma_walton_hamilton
Thomas_McKean_Thompson_McKennan|thomas_mckean_thompson_mckennan
If_It_Ain't_About_Money|if_it_ain't_about_money
Wrecking_Ball_(Miley_Cyrus_song)|wrecking_ball_(miley_cyrus_song)
Iheanyi_Uwaezuoke|iheanyi_uwaezuoke
Panhellenic_Socialist_Movement|panhellenic_socialist_movement
A_Time_for_Killing|a_time_for_killing
Put_'Em_Up|put_'em_up
Daddio|daddio
Forever_Now_(Level_42_album)|forever_now_(level_42_album)
Giacomo_Casanova:_Childhood_and_Adolescence|giacomo_casanova:_childhood_and_adolescence
The_Tin_Star|the_tin_star
William_C._C._Claiborne|william_c._c._claiborne
Ze'ev_Seltzer|ze'ev_seltzer
Fancy_(Iggy_Azalea_song)|fancy_(iggy_azalea_song)
Flanimals|flanimals
Landgravine_Charlotte_of_Hesse-Darmstadt|landgravine_charlotte_of_hesse-darmstadt
County_Hospital_(film)|county_hospital_(film)
Crytek|crytek
Robin_Wilson_(mathematician)|robin_wilson_(mathematician)
Andrew_Johnson|andrew_johnson
Laura_Betti|laura_betti
Eugen_Bleuler|eugen_bleuler
V._Yogeswaran|v._yogeswaran
Tactics_(album)|tactics_(album)
Tears_of_the_Sun|tears_of_the_sun
Braintree,_Massachusetts|braintree,_massachusetts
The_Rocket_Record_Company|the_rocket_record_company
When_Am_I_Going_to_Make_a_Living|when_am_i_going_to_make_a_living
Àstrid_Bergès-Frisbey|Àstrid_bergès-frisbey
The_Night_Is_Still_Young_(Nicki_Minaj_song)|the_night_is_still_young_(nicki_minaj_song)
Until_One|until_one
E._Peterbus_Unum|e._peterbus_unum
Pooch_Hall|pooch_hall
Alfred_North_Whitehead|alfred_north_whitehead
Marijampolė_County|marijampolė_county
John_J._Gilligan|john_j._gilligan
Over_the_Brooklyn_Bridge|over_the_brooklyn_bridge
Ciara_Bravo|ciara_bravo
I_Put_a_Spell_on_You_(album)|i_put_a_spell_on_you_(album)
Carter_Bays|carter_bays
We're_Almost_There|we're_almost_there
Tough_(Craig_Morgan_song)|tough_(craig_morgan_song)
Leopold_III_of_Belgium|leopold_iii_of_belgium
Arsinée_Khanjian|arsinée_khanjian
Smedley_Butler|smedley_butler
Lovers_and_Liars|lovers_and_liars
The_Long_Absence|the_long_absence
Where's_the_Love|where's_the_love
Duchess_Cecilie_of_Mecklenburg-Schwerin|duchess_cecilie_of_mecklenburg-schwerin
Kookmin_University|kookmin_university
Class_Trip_(album)|class_trip_(album)
The_Strange_Case_of_Clara_Deane|the_strange_case_of_clara_deane
Jonny_Lang|jonny_lang
Donald_L._Campbell|donald_l._campbell
Need_You_Tonight|need_you_tonight
Welcome_to_L.A.|welcome_to_l.a.
Garden_County,_Nebraska|garden_county,_nebraska
Israeli_Air_Force|israeli_air_force
David_Hyde_Pierce|david_hyde_pierce
Falling_from_Grace_(film)|falling_from_grace_(film)
Man_on_High_Heels|man_on_high_heels
Raymond_Carver|raymond_carver
Abdullah_II_Al-Sabah|abdullah_ii_al-sabah
Reaction_(album)|reaction_(album)
Disco_Inferno|disco_inferno
Christmas_Rematch|christmas_rematch
Cape_Elizabeth,_Maine|cape_elizabeth,_maine
John_III,_Marquess_of_Montferrat|john_iii,_marquess_of_montferrat
St._Gallen_(Wahlkreis)|st._gallen_(wahlkreis)
The_Class_(TV_series)|the_class_(tv_series)
Last_Kiss_(Bonnie_Pink_song)|last_kiss_(bonnie_pink_song)
Nitin_Bose|nitin_bose
Oded_Fehr|oded_fehr
Faceless|faceless
Noi_(Eros_Ramazzotti_album)|noi_(eros_ramazzotti_album)
Red_Dragon_(film)|red_dragon_(film)
Imre_Mikó|imre_mikó
Tulare_County,_California|tulare_county,_california
Fort_Saganne|fort_saganne
Mingus_Ah_Um|mingus_ah_um
Carl_Smith_(country_musician)|carl_smith_(country_musician)
Titus|titus
Leon_Aleksander_Sapieha|leon_aleksander_sapieha
No-One_but_You_(Only_the_Good_Die_Young)|no-one_but_you_(only_the_good_die_young)
Radcliffe_Killam|radcliffe_killam
Furusato_(Morning_Musume_song)|furusato_(morning_musume_song)
The_High_Life_(1960_film)|the_high_life_(1960_film)
Volta_(album)|volta_(album)
Karl_Carstens|karl_carstens
Solothurn|solothurn
Slap!|slap!
Mariano_de_Aycinena_y_Piñol|mariano_de_aycinena_y_piñol